HREF="mailto:gallery@wantree.com.au">gallery@wantree.com
HREF="mailto:info@amgroup.uk.com">info@amgroup.uk.com
HREF="mailto:ansmarble@aol.com">ansmarble@aol.com
HREF="mailto:info@lacroixgranite.com">info@lacroixgranite.com
HREF="mailto:apelucio@apelucio.com.br">apelucio@apelucio.com
HREF="mailto:sultanaw@sharkeyon.com">sultanaw@sharkeyon.com
HREF="mailto:info@a1minerals.com.au">info@a1minerals.com
HREF="mailto:info@abcmerchandising.com">info@abcmerchandising.com
HREF="mailto:agdmining@agdmining.com.au">agdmining@agdmining.com
HREF="mailto:aggexp@nutecnet.com.br">aggexp@nutecnet.com
HREF="mailto:rogerio_noe@kryptonet.com.br">rogerio_noe@kryptonet.com
HREF="mailto:rickbrown@terra.com.pe">rickbrown@terra.com
HREF="mailto:contact@managem-ona.com">contact@managem-ona.com
HREF="mailto:info@aliyasang.com">info@aliyasang.com
HREF="mailto:invest@amcol.com">invest@amcol.com
HREF="mailto:london@adastramin.com">london@adastramin.com
HREF="mailto:endiama@endiama-angola.com">endiama@endiama-angola.com
HREF="mailto:info@diamondworks.com">info@diamondworks.com
HREF="mailto:info@firestonediamonds.com">info@firestonediamonds.com
HREF="mailto:cklim@new-millennium.com.au">cklim@new-millennium.com
HREF="mailto:randgold@dpapr.com">randgold@dpapr.com
HREF="mailto:inbox@southernera.com">inbox@southernera.com
HREF="mailto:pthomas@ady.com.au">pthomas@ady.com
HREF="mailto:info@alexandermining.com">info@alexandermining.com
HREF="mailto:info@ameraresources.com">info@ameraresources.com
HREF="mailto:geoff@andean.com.au">geoff@andean.com
HREF="mailto:investors@anglogold.com">investors@anglogold.com
HREF="mailto:info@antaresminerals.com">info@antaresminerals.com
HREF="mailto:sarah@aquilineresources.com">sarah@aquilineresources.com
HREF="mailto:info@argentexmining.com">info@argentexmining.com
HREF="mailto:Jane.H.Belcher@bhpbilliton.com">Jane.H.Belcher@bhpbilliton.com
HREF="mailto:ir@balladnet.com">ir@balladnet.com
HREF="mailto:investor@barrick.com">investor@barrick.com
HREF="mailto:info@brettresources.com">info@brettresources.com
HREF="mailto:hvanelphen@cardero.com">hvanelphen@cardero.com
HREF="mailto:bill@cascadero.com">bill@cascadero.com
HREF="mailto:info@chapleauresources.com">info@chapleauresources.com
HREF="mailto:info@cloudbreakresources.com">info@cloudbreakresources.com
HREF="mailto:coeurir@coeur.com">coeurir@coeur.com
HREF="mailto:rio@cvrd.com.br">rio@cvrd.com
HREF="mailto:ir@pacificbayminerals.com">ir@pacificbayminerals.com
HREF="mailto:jbriscoe@jaba.com">jbriscoe@jaba.com
HREF="mailto:exeter@exterresource.com">exeter@exterresource.com
HREF="mailto:info@firstmajestic.com">info@firstmajestic.com
HREF="mailto:info@geocom-resources.com">info@geocom-resources.com
HREF="mailto:info@goldcorp.com">info@goldcorp.com
HREF="mailto:info@goldenarrowresources.com">info@goldenarrowresources.com
HREF="mailto:rchowdhry@goldenpatriot.com">rchowdhry@goldenpatriot.com
HREF="mailto:kfoy@greatpanther.com">kfoy@greatpanther.com
HREF="mailto:ggc@globalgoldcorp.com">ggc@globalgoldcorp.com
HREF="mailto:information@sterlitegold.com">information@sterlitegold.com
HREF="mailto:zcmck@arminco.com">zcmck@arminco.com
HREF="mailto:admin@axgmining.com.au">admin@axgmining.com
HREF="mailto:d.blight@abramining.com.au">d.blight@abramining.com
HREF="mailto:admin@accentresources.com.au">admin@accentresources.com
HREF="mailto:aex@acclaimexploration.com.au">aex@acclaimexploration.com
HREF="mailto:info@adamusresources.com.au">info@adamusresources.com
HREF="mailto:info@adbri.com.au">info@adbri.com
HREF="mailto:adres@adelaideresources.com.au">adres@adelaideresources.com
HREF="mailto:info@aglime.com.au">info@aglime.com
HREF="mailto:morrice@aimresources.com.au">morrice@aimresources.com
HREF="mailto:info@alcangove.com.au">info@alcangove.com
HREF="mailto:ppg@highway1.com.au">ppg@highway1.com
HREF="mailto:pr@alcoa.com.au">pr@alcoa.com
HREF="mailto:info@aldershotresources.com">info@aldershotresources.com
HREF="mailto:info@axd.com.au">info@axd.com
HREF="mailto:mail@alkane.com.au">mail@alkane.com
HREF="mailto:mining@allegiance-mining.com.au">mining@allegiance-mining.com
HREF="mailto:info@allianceresources.com.au">info@allianceresources.com
HREF="mailto:email@alliedgold.com.au">email@alliedgold.com
HREF="mailto:administrator@ms.anfeng.com.tw">administrator@ms.anfeng.com
HREF="mailto:europerl@csi.com">europerl@csi.com
HREF="mailto:europerl@csi.com">europerl@csi.com
HREF="mailto:aec@asiaenergybd.com">aec@asiaenergybd.com
HREF="mailto:aec@asiaenergybd.com">aec@asiaenergybd.com
HREF="mailto:info@kemat.com">info@kemat.com
HREF="mailto:info@lhoist.com">info@lhoist.com
HREF="mailto:sobeimexbeninsarl1981@hotmail.com">sobeimexbeninsarl1981@hotmail.com
HREF="mailto:info@africancopper.com">info@africancopper.com
HREF="mailto:info@afdiamonds.com">info@afdiamonds.com
HREF="mailto:info@albidon.com">info@albidon.com
HREF="mailto:corpcom@falconbridge.com">corpcom@falconbridge.com
HREF="mailto:richard@helioresource.com">richard@helioresource.com
HREF="mailto:info@lionore.com">info@lionore.com
HREF="mailto:larry.ott@motapadiamonds.com">larry.ott@motapadiamonds.com
HREF="mailto:mtb@mountburgess.com">mtb@mountburgess.com
HREF="mailto:info@playfairmining.com">info@playfairmining.com
HREF="mailto:tatinickel@info@lionore.com">tatinickel@info@lionore.com
HREF="mailto:info@taumining.com">info@taumining.com
HREF="mailto:wolf.marx@tawana.com.au">wolf.marx@tawana.com
HREF="mailto:tmi@trivalence.com">tmi@trivalence.com
HREF="mailto:amg@amg.com.br">amg@amg.com
HREF="mailto:ast@ast-int.com.br">ast@ast-int.com
HREF="mailto:Maison.Infocentre@alcan.com">Maison.Infocentre@alcan.com
HREF="mailto:info@amarillogold.com">info@amarillogold.com
HREF="mailto:darantes@amzgold.com">darantes@amzgold.com
HREF="mailto:export@americana.com.br">export@americana.com
HREF="mailto:info@amerixcorp.com">info@amerixcorp.com
HREF="mailto:grupo@andradesa.com.br">grupo@andradesa.com
HREF="mailto:grupo@andradesa.com.br">grupo@andradesa.com
HREF="mailto:angusandross1@btintermet.com">angusandross1@btintermet.com
HREF="mailto:an@ardosia.com">an@ardosia.com
HREF="mailto:info@fannybay.com">info@fannybay.com
HREF="mailto:fiorido@artreal.com.br">fiorido@artreal.com
HREF="mailto:btacom@bta.com.br">btacom@bta.com
HREF="mailto:balmat@balmat.com.br">balmat@balmat.com
HREF="mailto:bramagran@bramagran.com.br">bramagran@bramagran.com
HREF="mailto:info@brazdiamond.com">info@brazdiamond.com
HREF="mailto:ransom@brazmin.com">ransom@brazmin.com
HREF="mailto:info@brazauroresources.com">info@brazauroresources.com
HREF="mailto:info@afcan-mining.com">info@afcan-mining.com
HREF="mailto:ir@axmininc.com">ir@axmininc.com
HREF="mailto:enquiries@crewgold.com">enquiries@crewgold.com
HREF="mailto:info@etruscan.com">info@etruscan.com
HREF="mailto:lsandilands@goldbeltresources.com">lsandilands@goldbeltresources.com
HREF="mailto:info@goldcrestresources.com">info@goldcrestresources.com
HREF="mailto:info@orezone.com">info@orezone.com
HREF="mailto:contact@resolute-ltd.com.au">contact@resolute-ltd.com
HREF="mailto:info@riverstoneresources.com">info@riverstoneresources.com
HREF="mailto:info@semafo.com">info@semafo.com
HREF="mailto:info@stjudegold.com">info@stjudegold.com
HREF="mailto:tiger@tiger-rf.com">tiger@tiger-rf.com
HREF="mailto:info@nordacres.com">info@nordacres.com
HREF="mailto:info@amemining.com">info@amemining.com
HREF="mailto:rhinse@abcourt.com">rhinse@abcourt.com
HREF="mailto:info@acrexventures.com">info@acrexventures.com
HREF="mailto:info@fannybay.com">info@fannybay.com
HREF="mailto:info@adanacgold.com">info@adanacgold.com
HREF="mailto:sales@canadianquarrydirect.com">sales@canadianquarrydirect.com
HREF="mailto:info@admiralbay.com">info@admiralbay.com
HREF="mailto:blanden@agnico-eagle.com">blanden@agnico-eagle.com
HREF="mailto:eowens@alexandriaminerals.com">eowens@alexandriaminerals.com
HREF="mailto:info@alexcoresource.com">info@alexcoresource.com
HREF="mailto:info@alexisminerals.com
">info@alexisminerals.com
HREF="mailto:jcurtis@allstonequarry.com">jcurtis@allstonequarry.com
HREF="mailto:info@allynresources.com">info@allynresources.com
HREF="mailto:info@almadenminerals.com">info@almadenminerals.com
HREF="mailto:altai@arex.com">altai@arex.com
HREF="mailto:cwells@altiusminerals.com">cwells@altiusminerals.com
HREF="mailto:info@altoventures.com">info@altoventures.com
HREF="mailto:info@amerigoresources.com">info@amerigoresources.com
HREF="mailto:info@andinaminerals.com">info@andinaminerals.com
HREF="mailto:investor@bemagold.com">investor@bemagold.com
HREF="mailto:atacama@namdo.com">atacama@namdo.com
HREF="mailto:atna@atna.com">atna@atna.com
HREF="mailto:info@aurresources.com">info@aurresources.com
HREF="mailto:info@bemagold.com">info@bemagold.com
HREF="mailto:cominco@cominco.com.mx">cominco@cominco.com
HREF="mailto:equamin@equatorial.com.au">equamin@equatorial.com
HREF="mailto:ddoran@generalminerals.com">ddoran@generalminerals.com
HREF="mailto:info@gsr.com
">info@gsr.com
HREF="mailto:admin@apexminerals.com">admin@apexminerals.com
HREF="mailto:info@bactech.com">info@bactech.com
HREF="mailto:investor@bigbargold.com">investor@bigbargold.com
HREF="mailto:cgrove@cicresources.com">cgrove@cicresources.com
HREF="mailto:gsalamis@caledonresources.com">gsalamis@caledonresources.com
HREF="mailto:info@ccgoldfields.com">info@ccgoldfields.com
HREF="mailto:chinadiamondcorp@execulink.com">chinadiamondcorp@execulink.com
HREF="mailto:lnjc@21cn.com">lnjc@21cn.com
HREF="mailto:info@hdgold.com">info@hdgold.com
HREF="mailto:mark@crosshairexploration.com">mark@crosshairexploration.com
HREF="mailto:cgc@crystalgraphite.com">cgc@crystalgraphite.com
HREF="mailto:sales@granite.8m.com
">sales@granite.8m.com
HREF="mailto:info@dragon-gold.com">info@dragon-gold.com
HREF="mailto:info@dynastygoldcorp.com">info@dynastygoldcorp.com
HREF="mailto:sales@dynatecminerals.com">sales@dynatecminerals.com
HREF="mailto:Nick@chfir.com">Nick@chfir.com
HREF="mailto:info@eldoradogold.com">info@eldoradogold.com
HREF="mailto:FixVentures@hotmail.com">FixVentures@hotmail.com
HREF="mailto:info@franklinmining.com">info@franklinmining.com
HREF="mailto:info@glencore.com">info@glencore.com
HREF="mailto:info@greystarresources.com">info@greystarresources.com
HREF="mailto:info@impadoc.com">info@impadoc.com
HREF="mailto:investorrelations@phelpsdodge.com">investorrelations@phelpsdodge.com
HREF="mailto:info@solidresources.com">info@solidresources.com
HREF="mailto:info@alligatormines.com">info@alligatormines.com
HREF="mailto:request@noranda.com
">request@noranda.com
HREF="mailto:info@perseusmining.com">info@perseusmining.com
HREF="mailto:admin@oxiana.com.au">admin@oxiana.com
HREF="mailto:peletico@peletico.com">peletico@peletico.com
HREF="mailto:invest@corriente.com">invest@corriente.com
HREF="mailto:wdmac@pemcorp.com">wdmac@pemcorp.com
HREF="mailto:info@goldmarca.com">info@goldmarca.com
HREF="mailto:info@hamptoncourt.com">info@hamptoncourt.com
HREF="mailto:info@iamgold.com">info@iamgold.com
HREF="mailto:emc@emcinfo.com">emc@emcinfo.com
HREF="mailto:secretary@juinamining.com">secretary@juinamining.com
HREF="mailto:info@largoresources.com">info@largoresources.com
HREF="mailto:info@lateegra.com">info@lateegra.com
HREF="mailto:info@nortecventures.com">info@nortecventures.com
HREF="mailto:odinmine@odinmining.com">odinmine@odinmining.com
HREF="mailto:info@uscanadianminerals.com">info@uscanadianminerals.com
HREF="mailto:vistagold@compuserve.com">vistagold@compuserve.com
HREF="mailto:yambala@yambala.com">yambala@yambala.com
HREF="mailto:tor@zaruma.com">tor@zaruma.com
HREF="mailto:ahmed@alhassana.com">ahmed@alhassana.com
HREF="mailto:sales@alkhobara.com">sales@alkhobara.com
HREF="mailto:almotasm@internetegypt.com
">almotasm@internetegypt.com
HREF="mailto:pgm@alexnet.com.eg">pgm@alexnet.com
HREF="mailto:sdoffice@cressetgold.com">sdoffice@cressetgold.com
HREF="mailto:egymar@egymar.com">egymar@egymar.com
HREF="mailto:stone@field-invest.com">stone@field-invest.com
HREF="mailto:info@gippslandltd.com.au">info@gippslandltd.com
HREF="mailto:contacts@mgil.com.au">contacts@mgil.com
HREF="mailto:mail@belvedere-resources.com">mail@belvedere-resources.com
HREF="mailto:mlambert@cmqresources.com">mlambert@cmqresources.com
HREF="mailto:enquiries@europeandiamondsplc.com">enquiries@europeandiamondsplc.com
HREF="mailto:investor@inmet-toronto.com">investor@inmet-toronto.com
HREF="mailto:sophias@namdo.com">sophias@namdo.com
HREF="mailto:nau@northamgold.com">nau@northamgold.com
HREF="mailto:info@northernliongold.com">info@northernliongold.com
HREF="mailto:corporate.info@outokumpu.com">corporate.info@outokumpu.com
HREF="mailto:webmaster@nordkalk.com">webmaster@nordkalk.com
HREF="mailto:info@sunrisediamonds.com">info@sunrisediamonds.com
HREF="mailto:webmaster@talvivaara.com">webmaster@talvivaara.com
HREF="mailto:info@tertiaryminerals.com">info@tertiaryminerals.com
HREF="mailto:admin@vulcanresources.com.au">admin@vulcanresources.com
HREF="mailto:chemie@chemium.com">chemie@chemium.com
HREF="mailto:chemie@chemium.com">chemie@chemium.com
HREF="mailto:cmmp@cmmp-france.com">cmmp@cmmp-france.com
HREF="mailto:gauthier@gauthier-france.com">gauthier@gauthier-france.com
HREF="mailto:gdexportlyon@guinet-derriaz.com">gdexportlyon@guinet-derriaz.com
HREF="mailto:info@provencale.com.">info@provencale.com
HREF="mailto:contact@scora.com">contact@scora.com
HREF="mailto:celine@stoneselection.com">celine@stoneselection.com
HREF="mailto:info@worldminerals.com">info@worldminerals.com
HREF="mailto:tissler@alsipenta.com">tissler@alsipenta.com
HREF="mailto:info@akw-kick.com">info@akw-kick.com
HREF="mailto:Climax@phelpsdodge.com">Climax@phelpsdodge.com
HREF="mailto:jpearce@tricatgroup.com">jpearce@tricatgroup.com
HREF="mailto:Brigitte.Mattenberger@xstrata.com">Brigitte.Mattenberger@xstrata.com
HREF="mailto:ami@mininggroup.com">ami@mininggroup.com
HREF="mailto:ghana@africangoldgroup.com">ghana@africangoldgroup.com
HREF="mailto:info@africanmetals.com">info@africanmetals.com
HREF="mailto:info@aagm.com
">info@aagm.com
HREF="mailto:info@azumahresources.com.au">info@azumahresources.com
HREF="mailto:info@birim.com">info@birim.com
HREF="mailto:info@cambrianmining.com">info@cambrianmining.com
HREF="mailto:cluff@africaonline.com.gh">cluff@africaonline.com
HREF="mailto:headoffice@ghaman.com">headoffice@ghaman.com
HREF="mailto:info@goldcoastresources.com">info@goldcoastresources.com
HREF="mailto:john.barker@guinor.com">john.barker@guinor.com
HREF="mailto:info@marinemining.com
">info@marinemining.com
HREF="mailto:info@midlandsminerals.com">info@midlandsminerals.com
HREF="mailto:info@moydow.com
">info@moydow.com
HREF="mailto:nevsun@nevsun.com">nevsun@nevsun.com
HREF="mailto:dagroves@corp.newmont.com">dagroves@corp.newmont.com
HREF="mailto:info@pmiventures.com">info@pmiventures.com
HREF="mailto:redback@namdo.com">redback@namdo.com
HREF="mailto:info@marble-travertine.com">info@marble-travertine.com
HREF="mailto:info@dionyssomarble.com">info@dionyssomarble.com
HREF="mailto:info@egoldfields.com">info@egoldfields.com
HREF="mailto:info@kinross.com">info@kinross.com
HREF="mailto:info@royalgold.com">info@royalgold.com
HREF="mailto:Postmaster@sandb.com">Postmaster@sandb.com
HREF="mailto:info@blackangelmining.com">info@blackangelmining.com
HREF="mailto:inquire@diamondfields.com">inquire@diamondfields.com
HREF="mailto:info@galahadgold.com">info@galahadgold.com
HREF="mailto:info@intermoly.com">info@intermoly.com
HREF="mailto:info@citationresources.com">info@citationresources.com
HREF="mailto:nunaminerals@nunaminerals.com">nunaminerals@nunaminerals.com
HREF="mailto:info@truenorthgems.com">info@truenorthgems.com
HREF="mailto:kmorrison@vismand.com">kmorrison@vismand.com
HREF="mailto:firstpoint@firstpointminerals.com">firstpoint@firstpointminerals.com
HREF="mailto:info@glamis.com">info@glamis.com
HREF="mailto:info@goldoreresources.com">info@goldoreresources.com
HREF="mailto:mayabtun@sureste.com
">mayabtun@sureste.com
HREF="mailto:info@menaresources.com">info@menaresources.com
HREF="mailto:information@merendon.com">information@merendon.com
HREF="mailto:info@silvercrestmines.com">info@silvercrestmines.com
HREF="mailto:info@aankitstone.com">info@aankitstone.com
HREF="mailto:info@abhishekoverseas.com">info@abhishekoverseas.com
HREF="mailto:mail@adityainternational.com">mail@adityainternational.com
HREF="mailto:vijay@smapl.com">vijay@smapl.com
HREF="mailto:aggarwal@epages.webindia.com
">aggarwal@epages.webindia.com
HREF="mailto:pkbansal@jkwc.com">pkbansal@jkwc.com
HREF="mailto:udp@amarjothi.com">udp@amarjothi.com
HREF="mailto:sales@arihantmarbles.com">sales@arihantmarbles.com
HREF="mailto:info@indiastones.com">info@indiastones.com
HREF="mailto:webmaster@ashapura.com">webmaster@ashapura.com
HREF="mailto:bimalansu@ashapura.com">bimalansu@ashapura.com
HREF="mailto:ashishimpex@vsnl.com">ashishimpex@vsnl.com
HREF="mailto:info@ansiindia.com">info@ansiindia.com
HREF="mailto:apgtio2@ozemail.com
">apgtio2@ozemail.com
HREF="mailto:bhi@vsnl.com">bhi@vsnl.com
HREF="mailto:bajoria@epages.webindia.com">bajoria@epages.webindia.com
HREF="mailto:bascbe@vsnl.com">bascbe@vsnl.com
HREF="mailto:bauxitemining@porbandaronline.com">bauxitemining@porbandaronline.com
HREF="mailto:cvcmining@hotmail.com">cvcmining@hotmail.com
HREF="mailto:sales1@alamanda.com">sales1@alamanda.com
HREF="mailto:corsec@antam.com">corsec@antam.com
HREF="mailto:corsec@antam.com">corsec@antam.com
HREF="mailto:info@apologold.com">info@apologold.com
HREF="mailto:contact@arutmin.com">contact@arutmin.com
HREF="mailto:aus@auselect.com.au">aus@auselect.com
HREF="mailto:info@azureresources.com">info@azureresources.com
HREF="mailto:scott_hanna@fmi.com">scott_hanna@fmi.com
HREF="mailto:info@gvm.com.au">info@gvm.com
HREF="mailto:gxp@goldstake.com">gxp@goldstake.com
HREF="mailto:info@highlandspacific.com">info@highlandspacific.com
HREF="mailto:inco@inco.com">inco@inco.com
HREF="mailto:info@kalimantan.com">info@kalimantan.com
HREF="mailto:info@kurniamarble.com">info@kurniamarble.com
HREF="mailto:juthatip@web-works.com">juthatip@web-works.com
HREF="mailto:corporateaffairs@newcrest.com.au">corporateaffairs@newcrest.com
HREF="mailto:oropa@oropa.com.au">oropa@oropa.com
HREF="mailto:info@pacificwildcat.com">info@pacificwildcat.com
HREF="mailto:info@straits.com.au">info@straits.com
HREF="mailto:info@farinam.com">info@farinam.com
HREF="mailto:montzam@hotmail.com">montzam@hotmail.com
HREF="mailto:info@a-s-ir.com">info@a-s-ir.com
HREF="mailto:iranstone@iranstone.com">iranstone@iranstone.com
HREF="mailto:jahanshahi_h@yahoo.com">jahanshahi_h@yahoo.com
HREF="mailto:info@nicico.com">info@nicico.com
HREF="mailto:sales@porfiman.com">sales@porfiman.com
HREF="mailto:Mineral@sobhe-ahar.com">Mineral@sobhe-ahar.com
HREF="mailto:manager@sormakmine.com">manager@sormakmine.com
HREF="mailto:tedco@ted-co.com">tedco@ted-co.com
HREF="mailto:info@unioncapital.com.au">info@unioncapital.com
HREF="mailto:info@zarcan.com
">info@zarcan.com
HREF="mailto:info@bayswateruranium.com">info@bayswateruranium.com
HREF="mailto:office@belmoreresources.com">office@belmoreresources.com
HREF="mailto:londonoffice@celticresources.com">londonoffice@celticresources.com
HREF="mailto:admin@felixresources.com.au">admin@felixresources.com
HREF="mailto:eurogold@galantas.com">eurogold@galantas.com
HREF="mailto:enquiry@hereward.com">enquiry@hereward.com
HREF="mailto:info@kenmareresources.com">info@kenmareresources.com
HREF="mailto:info@strongbowresources.com">info@strongbowresources.com
HREF="mailto:info@tournigan.com">info@tournigan.com
HREF="mailto:af@adolfoforti.com">af@adolfoforti.com
HREF="mailto:info@barsimarmi.com">info@barsimarmi.com
HREF="mailto:info@barsottimarmi.com">info@barsottimarmi.com
HREF="mailto:cmt@cmtmarble.com
">cmt@cmtmarble.com
HREF="mailto:canc@thalamos.com">canc@thalamos.com
HREF="mailto:info@ceresermarmi.com">info@ceresermarmi.com
HREF="mailto:a.cuneo@ac-ardesia.com">a.cuneo@ac-ardesia.com
HREF="mailto:info@dazzivinicio.com">info@dazzivinicio.com
HREF="mailto:apc@nol.com.jo">apc@nol.com
HREF="mailto:webmaster@jpmc.com.jo">webmaster@jpmc.com
HREF="mailto:jclarke@alhambraresources.com">jclarke@alhambraresources.com
HREF="mailto:bob_lillie@cameco.com">bob_lillie@cameco.com
HREF="mailto:info@entrasiamining.com">info@entrasiamining.com
HREF="mailto:eurasia@eurasiagold.com">eurasia@eurasiagold.com
HREF="mailto:info@europeanminerals.com">info@europeanminerals.com
HREF="mailto:contact@hambledon-mining.com">contact@hambledon-mining.com
HREF="mailto:info@ivanhoemines.com">info@ivanhoemines.com
HREF="mailto:info@laloventures.com">info@laloventures.com
HREF="mailto:info@orielresources.com">info@orielresources.com
HREF="mailto:info@thistlemining.com">info@thistlemining.com
HREF="mailto:info@urasiaenergy.com">info@urasiaenergy.com
HREF="mailto:info@zincox.com">info@zincox.com
HREF="mailto:info@afriore.com">info@afriore.com
HREF="mailto:international.gold@telia.com">international.gold@telia.com
HREF="mailto:bandcwalsham@btclick.com">bandcwalsham@btclick.com
HREF="mailto:investors@tiomin.com">investors@tiomin.com
HREF="mailto:sydney@argonautresources.com">sydney@argonautresources.com
HREF="mailto:lxmlmine@laotel.com
">lxmlmine@laotel.com
HREF="mailto:info@panaustralian.com.au">info@panaustralian.com
HREF="mailto:info@clinemining.com">info@clinemining.com
HREF="mailto:info@gmrcorp.com">info@gmrcorp.com
HREF="mailto:ged@goldendeeps.com">ged@goldendeeps.com
HREF="mailto:cbird@jubileeplatinum.com">cbird@jubileeplatinum.com
HREF="mailto:andre@majescor.com">andre@majescor.com
HREF="mailto:fafah@panafrican.com">fafah@panafrican.com
HREF="mailto:info@panafrican.com">info@panafrican.com
HREF="mailto:BorneoMarble@yahoo.com">BorneoMarble@yahoo.com
HREF="mailto:kintaly@hotmail.com">kintaly@hotmail.com
HREF="mailto:orientalstones@yahoo.com">orientalstones@yahoo.com
HREF="mailto:admin@peninsulargold.com">admin@peninsulargold.com
HREF="mailto:info@torminerals.com">info@torminerals.com
HREF="mailto:info@tigerresources.com">info@tigerresources.com
HREF="mailto:info@unimin.com.au">info@unimin.com
HREF="mailto:rama@veenus-impex.com">rama@veenus-impex.com
HREF="mailto:bvrao@veenus-impex.com">bvrao@veenus-impex.com
HREF="mailto:jmccluskey@alamosgold.com">jmccluskey@alamosgold.com
HREF="mailto:info@hdgold.com">info@hdgold.com
HREF="mailto:Chris@svgold.com">Chris@svgold.com
HREF="mailto:information@apexsilver.com">information@apexsilver.com
HREF="mailto:info@apollogold.com">info@apollogold.com
HREF="mailto:admin@atlasmining.com
">admin@atlasmining.com
HREF="mailto:kbooth@aurcana.com">kbooth@aurcana.com
HREF="mailto:deuresti@aureamining.com">deuresti@aureamining.com
HREF="mailto:ir@avino.com">ir@avino.com
HREF="mailto:info@azco.com">info@azco.com
HREF="mailto:info@bajamining.com">info@bajamining.com
HREF="mailto:info@bajaonyx.com
">info@bajaonyx.com
HREF="mailto:info@banderagold.com">info@banderagold.com
HREF="mailto:bolnisi@onaustralia.com.au">bolnisi@onaustralia.com
HREF="mailto:rdsloan@lvcoxmail.com">rdsloan@lvcoxmail.com
HREF="mailto:info@canasil.com">info@canasil.com
HREF="mailto:info@canplats.com">info@canplats.com
HREF="mailto:info@capstonemining.com">info@capstonemining.com
HREF="mailto:info@asiagold.com">info@asiagold.com
HREF="mailto:info@asiagold.com">info@asiagold.com
HREF="mailto:info@bayfieldventures.com">info@bayfieldventures.com
HREF="mailto:info@bellcoastcapital.com">info@bellcoastcapital.com
HREF="mailto:mab@benguetcorp.com">mab@benguetcorp.com
HREF="mailto:info@bluediamondmining.com
">info@bluediamondmining.com
HREF="mailto:info@entreegold.com">info@entreegold.com
HREF="mailto:info@erdene.com">info@erdene.com
HREF="mailto:info@fortressminerals.com">info@fortressminerals.com
HREF="mailto:steve.zuker@gallantminerals.com">steve.zuker@gallantminerals.com
HREF="mailto:keith.laskowski@gallantminerals.com">keith.laskowski@gallantminerals.com
HREF="mailto:rchowdhry@goldenpatriot.com">rchowdhry@goldenpatriot.com
HREF="mailto:iuc@intluranium.com">iuc@intluranium.com
HREF="mailto:iuc@intluranium.com">iuc@intluranium.com
HREF="mailto:info@jinshanmines.com">info@jinshanmines.com
HREF="mailto:kmurton@khanresources.com">kmurton@khanresources.com
HREF="mailto:info@magnumexploration.com">info@magnumexploration.com
HREF="mailto:info@qgxgold.com">info@qgxgold.com
HREF="mailto:info@redhillenergy.com">info@redhillenergy.com
HREF="mailto:info@tigerpm.com">info@tigerpm.com
HREF="mailto:contact@managem-ona.com">contact@managem-ona.com
HREF="mailto:Benyakhlef@managem-ona.com">Benyakhlef@managem-ona.com
HREF="mailto:contact@managem-ona.com">contact@managem-ona.com
HREF="mailto:contact@managem-ona.com">contact@managem-ona.com
HREF="mailto:info@afri-canmarine.com">info@afri-canmarine.com
HREF="mailto:Info@armgold.com">Info@armgold.com
HREF="mailto:m.woodborne@bonaparte.com.au">m.woodborne@bonaparte.com
HREF="mailto:bouldermining@bouldermining.com">bouldermining@bouldermining.com
HREF="mailto:philedmonds@camec-plc.com">philedmonds@camec-plc.com
HREF="mailto:marie.viljoen@kumbaresources.com">marie.viljoen@kumbaresources.com
HREF="mailto:mail@mineralcommodities.com.au">mail@mineralcommodities.com
HREF="mailto:general@namakwa.com.au">general@namakwa.com
HREF="mailto:jstaby@iafrica.com.na">jstaby@iafrica.com
HREF="mailto:paladin@paladinresources.com.au">paladin@paladinresources.com
HREF="mailto:enquiries@reeftonmining.com.au">enquiries@reeftonmining.com
HREF="mailto:info@rossing.com
">info@rossing.com
HREF="mailto:quadrant@optusnet.com.au">quadrant@optusnet.com
HREF="mailto:julian@tealmining.com">julian@tealmining.com
HREF="mailto:info@teckcominco.com">info@teckcominco.com
HREF="mailto:info@wametals.com.au">info@wametals.com
HREF="mailto:info@zinifex.com
">info@zinifex.com
HREF="mailto:info@auroraminerals.com">info@auroraminerals.com
HREF="mailto:contact@capral.com.au">contact@capral.com
HREF="mailto:saarons@easterncorp.com.au">saarons@easterncorp.com
HREF="mailto:grd@grd.com.au">grd@grd.com
HREF="mailto:info@mercatorgold.com">info@mercatorgold.com
HREF="mailto:info@oceanagold.com">info@oceanagold.com
HREF="mailto:info@hpdexploration.com">info@hpdexploration.com
HREF="mailto:summitresources@compuserve.com">summitresources@compuserve.com
HREF="mailto:paul@fmnsl.com
">paul@fmnsl.com
HREF="mailto:post.odda@boliden.com">post.odda@boliden.com
HREF="mailto:info@mondominerals.com">info@mondominerals.com
HREF="mailto:info@habibullahsons.com">info@habibullahsons.com
HREF="mailto:info@hamsoncorp.com
">info@hamsoncorp.com
HREF="mailto:lakeresources@lakeresources.com.au">lakeresources@lakeresources.com
HREF="mailto:tethyan@tethyan.com">tethyan@tethyan.com
HREF="mailto:mcgrath@iocorporate.com">mcgrath@iocorporate.com
HREF="mailto:calais@calaisresources.com">calais@calaisresources.com
HREF="mailto:jstewart@mine-tech.com">jstewart@mine-tech.com
HREF="mailto:keltic@keltic.com">keltic@keltic.com
HREF="mailto:info@celticminerals.com">info@celticminerals.com
HREF="mailto:acarter@chasemgt.com">acarter@chasemgt.com
HREF="mailto:Lld@lihir.com.pg">Lld@lihir.com
HREF="mailto:macmin@technet2000.com.au">macmin@technet2000.com
HREF="mailto:Info@oktedi.com">Info@oktedi.com
HREF="mailto:info@pgm-ventures.com">info@pgm-ventures.com
HREF="mailto:placer_pacific@placerdome.com">placer_pacific@placerdome.com
HREF="mailto:webmaster@placerdome.com">webmaster@placerdome.com
HREF="mailto:info@tpjunction.com
">info@tpjunction.com
HREF="mailto:info@absolutresources.com">info@absolutresources.com
HREF="mailto:info@andeanamerican.com">info@andeanamerican.com
HREF="mailto:infoperu@andresmin.com">infoperu@andresmin.com
HREF="mailto:info@arcturusventuresinc.com">info@arcturusventuresinc.com
HREF="mailto:info@bearcreekmining.com">info@bearcreekmining.com
HREF="mailto:info@brookmount.com">info@brookmount.com
HREF="mailto:info@candente.com
">info@candente.com
HREF="mailto:alexb@chariotresources.com">alexb@chariotresources.com
HREF="mailto:administracion@milpo.com">administracion@milpo.com
HREF="mailto:gerencia@buenaventura.com.pe">gerencia@buenaventura.com
HREF="mailto:dwmino@compassnet.com">dwmino@compassnet.com
HREF="mailto:contact@doerun.com">contact@doerun.com
HREF="mailto:doerun@doerun.com.pe">doerun@doerun.com
HREF="mailto:info@dynacor.com">info@dynacor.com
HREF="mailto:info@esperanzasilver.com">info@esperanzasilver.com
HREF="mailto:info@bemax.com.au">info@bemax.com
HREF="mailto:info@boulder.au.com">info@boulder.au.com
HREF="mailto:cmi@marsmandrysdale.com">cmi@marsmandrysdale.com
HREF="mailto:gfulch@climaxmining.com.au">gfulch@climaxmining.com
HREF="mailto:info@desertsunmining.com">info@desertsunmining.com
HREF="mailto:info@geostarmetals.com">info@geostarmetals.com
HREF="mailto:info@goldencycle.com">info@goldencycle.com
HREF="mailto:indophil@indophil.com">indophil@indophil.com
HREF="mailto:info@lafayettemining.com">info@lafayettemining.com
HREF="mailto:mis@lepantomining.com">mis@lepantomining.com
HREF="mailto:mbr@mbmiresources.com">mbr@mbmiresources.com
HREF="mailto:admin@medusamining.com.au">admin@medusamining.com
HREF="mailto:mindoro@mindoro.com">mindoro@mindoro.com
HREF="mailto:dalton@bgo.cyberspace.com.ph">dalton@bgo.cyberspace.com
HREF="mailto:info@panoro.com">info@panoro.com
HREF="mailto:info@badgermining.com.pl">info@badgermining.com
HREF="mailto:huta@aluminium-konin.com.pl">huta@aluminium-konin.com
HREF="mailto:info@impexmetal.com.pl">info@impexmetal.com
HREF="mailto:info@polishcopper.com
">info@polishcopper.com
HREF="mailto:info@polishcopper.com
">info@polishcopper.com
HREF="mailto:info@surmin-kaolin.com.pl">info@surmin-kaolin.com
HREF="mailto:bogdanka@lw.com.pl">bogdanka@lw.com
HREF="mailto:info@surmin-kaolin.com.pl">info@surmin-kaolin.com
HREF="mailto:info@weglokoks.com.pl">info@weglokoks.com
HREF="mailto:info@weglokoks.com.pl">info@weglokoks.com
HREF="mailto:alwernia@alwernia.com.pl">alwernia@alwernia.com
HREF="mailto:info@rogala.com.pl">info@rogala.com
HREF="mailto:dimpomar@dimpomar.com
">dimpomar@dimpomar.com
HREF="mailto:info@eurozinc.com">info@eurozinc.com
HREF="mailto:granital@granital.com">granital@granital.com
HREF="mailto:comercial@granitosmarujo.com">comercial@granitosmarujo.com
HREF="mailto:grantax@grantax.com">grantax@grantax.com
HREF="mailto:info@iberianresources.com">info@iberianresources.com
HREF="mailto:ruijanota@janotas.com">ruijanota@janotas.com
HREF="mailto:urmal@urmal.com">urmal@urmal.com
HREF="mailto:marbrito@marbrito.com">marbrito@marbrito.com
HREF="mailto:pedramoca@pedramoca.com">pedramoca@pedramoca.com
HREF="mailto:info@redcorp-ventures.com">info@redcorp-ventures.com
HREF="mailto:info@steliasmines.com">info@steliasmines.com
HREF="mailto:info@carpathiangold.com">info@carpathiangold.com
HREF="mailto:info@gabrielresources.com">info@gabrielresources.com
HREF="mailto:general@archangeldiamond.com">general@archangeldiamond.com
HREF="mailto:web@babichdesign.com">web@babichdesign.com
HREF="mailto:investor@pumaminerals.com">investor@pumaminerals.com
HREF="mailto:info@everfor.com">info@everfor.com
HREF="mailto:info@highlandgold.com">info@highlandgold.com
HREF="mailto:ipc@ipcmos.com">ipc@ipcmos.com
HREF="mailto:HQ@saudi-perlite.com.sa">HQ@saudi-perlite.com
HREF="mailto:alliedsg@singnet.com
">alliedsg@singnet.com
HREF="mailto:INECO@SINGNET.COM
">INECO@SINGNET.COM
HREF="mailto:orind@mbox4.singnet.com.sg">orind@mbox4.singnet.com
HREF="mailto:info@africangem.com">info@africangem.com
HREF="mailto:info@africangem.com">info@africangem.com
HREF="mailto:info@amverco.com">info@amverco.com
HREF="mailto:traymond@angloplat.com">traymond@angloplat.com
HREF="mailto:info@hdgold.com">info@hdgold.com
HREF="mailto:info@aquariusplatinum.com">info@aquariusplatinum.com
HREF="mailto:info@aquariusplatinum.com">info@aquariusplatinum.com
HREF="mailto:info@argosyminerals.com">info@argosyminerals.com
HREF="mailto:oresales@assore.com">oresales@assore.com
HREF="mailto:info@assore.com
">info@assore.com
HREF="mailto:info@caledoniamining.com">info@caledoniamining.com
HREF="mailto:info@alicantestone.com">info@alicantestone.com
HREF="mailto:info@arcichamotas.com">info@arcichamotas.com
HREF="mailto:asfaltex@asfaltex.com">asfaltex@asfaltex.com
HREF="mailto:admin@bateig.com">admin@bateig.com
HREF="mailto:sales@bermarmol.com">sales@bermarmol.com
HREF="mailto:alosada@coigrasa.com">alosada@coigrasa.com
HREF="mailto:euroferman@euroferman.com">euroferman@euroferman.com
HREF="mailto:tracy.kroeker@goldtechmining.com">tracy.kroeker@goldtechmining.com
HREF="mailto:graesa@piedra.com
">graesa@piedra.com
HREF="mailto:granisa@granisa.com">granisa@granisa.com
HREF="mailto:incusa.madrid@saint-gobain.com">incusa.madrid@saint-gobain.com
HREF="mailto:marmoles@jagarciamoya.com">marmoles@jagarciamoya.com
HREF="mailto:sales@mbmarble.com">sales@mbmarble.com
HREF="mailto:bob.young@agricolaresources.com">bob.young@agricolaresources.com
HREF="mailto:bob.young@beowulf-gold.com">bob.young@beowulf-gold.com
HREF="mailto:equinox@equinoxminerals.com">equinox@equinoxminerals.com
HREF="mailto:lkab.norden@lkab.com">lkab.norden@lkab.com
HREF="mailto:karl-ake@lapplandgoldminers.com">karl-ake@lapplandgoldminers.com
HREF="mailto:info@mawsonresources.com">info@mawsonresources.com
HREF="mailto:info@silverwheaton.com">info@silverwheaton.com
HREF="mailto:info@zinkgruvan.com">info@zinkgruvan.com
HREF="mailto:gdm@goldstreammining.com.au">gdm@goldstreammining.com
HREF="mailto:gsal@greatsoutherngems.com">gsal@greatsoutherngems.com
HREF="mailto:info@xnord.com">info@xnord.com
HREF="mailto:info@shantagold.com">info@shantagold.com
HREF="mailto:info@solaresourcecorp.com">info@solaresourcecorp.com
HREF="mailto:enquiries@subsahara.com.au">enquiries@subsahara.com
HREF="mailto:investor@tanrange.com">investor@tanrange.com
HREF="mailto:ir@tanzaniteonesa.com">ir@tanzaniteonesa.com
HREF="mailto:info@amantaresources.com">info@amantaresources.com
HREF="mailto:tasmg@ksc.th.com">tasmg@ksc.th.com
HREF="mailto:info@apq-potash.com">info@apq-potash.com
HREF="mailto:info@kingsgate.com
">info@kingsgate.com
HREF="mailto:kumpanart@volclaysiam.com">kumpanart@volclaysiam.com
HREF="mailto:info@alacakaya.com">info@alacakaya.com
HREF="mailto:dickmoores@hotmail.com">dickmoores@hotmail.com
HREF="mailto:artmar@artmar.com.tr">artmar@artmar.com
HREF="mailto:info@ayasophiamosaics.com
">info@ayasophiamosaics.com
HREF="mailto:basermining@superonline.com">basermining@superonline.com
HREF="mailto:canel@superonline.com
">canel@superonline.com
HREF="mailto:cineakmaden@superonline.com">cineakmaden@superonline.com
HREF="mailto:info@codeimpex.com
">info@codeimpex.com
HREF="mailto:muammerdavran@yahoo.com">muammerdavran@yahoo.com
HREF="mailto:maden@dedeman.com.tr">maden@dedeman.com
HREF="mailto:info@turkstone.com">info@turkstone.com
HREF="mailto:info@turkeymarble.com">info@turkeymarble.com
HREF="mailto:ermas@ermasmarble.com">ermas@ermasmarble.com
HREF="mailto:info@eurasianminerals.com">info@eurasianminerals.com
HREF="mailto:euromax@cmi-capital.com">euromax@cmi-capital.com
HREF="mailto:info@fronteergroup.com">info@fronteergroup.com
HREF="mailto:info@granitas.com
">info@granitas.com
HREF="mailto:cihangir@hpmarble.com
">cihangir@hpmarble.com
HREF="mailto:can@kalemaden.com.tr">can@kalemaden.com
HREF="mailto:kocakmarble@kocak.com
">kocakmarble@kocak.com
HREF="mailto:alka@alkagroup.com.tr">alka@alkagroup.com
HREF="mailto:goods@gtamart.com">goods@gtamart.com
HREF="mailto:info@albamineralresources.com">info@albamineralresources.com
HREF="mailto:sales@albionstonequarries.com
">sales@albionstonequarries.com
HREF="mailto:slate@alfred-mcalpine.com">slate@alfred-mcalpine.com
HREF="mailto:sales@berwynslate.com">sales@berwynslate.com
HREF="mailto:info@coal.com">info@coal.com
HREF="mailto:sales@stancliffe.com">sales@stancliffe.com
HREF="mailto:info@delaboleslate.com">info@delaboleslate.com
HREF="mailto:info@eurasian.com">info@eurasian.com
HREF="mailto:sales@hamhillstone.com">sales@hamhillstone.com
HREF="mailto:oriordanr@worldminerals.com">oriordanr@worldminerals.com
HREF="mailto:enquiries@ihbrown.com">enquiries@ihbrown.com
HREF="mailto:info@amtmining.com">info@amtmining.com
HREF="mailto:cameron@aberdenemines.com">cameron@aberdenemines.com
HREF="mailto:info@abingtonventures.com">info@abingtonventures.com
HREF="mailto:sales@nefieldflag.com">sales@nefieldflag.com
HREF="mailto:alperry@alperry.com">alperry@alperry.com
HREF="mailto:freegold@alaska-freegold.com
">freegold@alaska-freegold.com
HREF="mailto:info@americanbonanza.com">info@americanbonanza.com
HREF="mailto:info@americangoldfields.com">info@americangoldfields.com
HREF="mailto:info@americanlimestone.com">info@americanlimestone.com
HREF="mailto:Info@AmericanMarble.com">Info@AmericanMarble.com
HREF="mailto:slatexpert@americanslate.com
">slatexpert@americanslate.com
HREF="mailto:asgslate@hotmail.com">asgslate@hotmail.com
HREF="mailto:amst@amst.com">amst@amst.com
HREF="mailto:butler@amerikohl.com">butler@amerikohl.com
HREF="mailto:info@anacondagold.com">info@anacondagold.com
HREF="mailto:Inquiries@andalex.com
">Inquiries@andalex.com
HREF="mailto:jeaves@archcoal.com">jeaves@archcoal.com
HREF="mailto:info@bolivargold.com">info@bolivargold.com
HREF="mailto:cesarab@ferrominera.com">cesarab@ferrominera.com
HREF="mailto:investorrelations@CadreResources.com">investorrelations@CadreResources.com
HREF="mailto:info@crystallex.com">info@crystallex.com
HREF="mailto:info@crystallex.com">info@crystallex.com
HREF="mailto:info@franklinlake.com">info@franklinlake.com
HREF="mailto:info@goldreserveinc.com">info@goldreserveinc.com
HREF="mailto:hmc-info@hecla-mining.com">hmc-info@hecla-mining.com
HREF="mailto:info@sargold.com">info@sargold.com
HREF="mailto:info@triumphgoldcorp.com">info@triumphgoldcorp.com
HREF="mailto:info@vannessa.com">info@vannessa.com
HREF="mailto:info@first-quantum.com">info@first-quantum.com
HREF="mailto:info@mayfair-mining.com">info@mayfair-mining.com
HREF="mailto:info@metorexgroup.com">info@metorexgroup.com
HREF="mailto:info@zambeziresources.com">info@zambeziresources.com
HREF="mailto:contact@lonmin.com">contact@lonmin.com
HREF="mailto:info@zimplats.com">info@zimplats.com
HREF="mailto:info@carey-langlois.com">info@carey-langlois.com
